date,game_pk,pitcher_id,pitcher_name,pitcher_team,opponent_team,is_home,line,over_odds,under_odds,odds_source,expected_outs,p_over_raw,p_over_cal,fair_over,hold_pct,actual_outs,over_hit,logged_at,p_over_shadow
2026-08-24,823260,677952,Braxton Ashcraft,PIT,SD,0,17.5,-142,+107,live,16.18,0.4583,0.4583,0.5485,0.0699,18,1,2026-08-25T20:38:54.094087+00:00,
2026-08-24,822695,676917,Cade Cavalli,WSH,COL,1,17.5,-200,+149,live,16.62,0.4896,0.4896,0.6241,0.0683,18,1,2026-08-25T20:38:54.094087+00:00,
2026-08-24,823183,687931,Carson Whisenhunt,SF,CIN,1,15.5,+108,-143,live,15.17,0.4425,0.4425,0.4496,0.0692,8,0,2026-08-25T20:38:54.094087+00:00,
2026-08-24,823183,695505,Chase Burns,CIN,SF,0,17.5,-113,-117,live,16.39,0.4664,0.4664,0.496,0.0697,11,0,2026-08-25T20:38:54.094087+00:00,
2026-08-24,824235,656876,Drew Rasmussen,TB,DET,0,17.5,-115,-115,live,16.14,0.4374,0.4374,0.5,0.0698,18,1,2026-08-25T20:38:54.094087+00:00,
2026-08-24,824235,664285,Framber Valdez,DET,TB,1,18.5,+131,-175,live,17.06,0.2744,0.2744,0.4049,0.0693,18,0,2026-08-25T20:38:54.094087+00:00,
2026-08-24,823992,691946,George Klassen,LAA,CLE,1,15.5,+116,-155,live,14.88,0.4115,0.4115,0.4323,0.0708,16,1,2026-08-25T20:38:54.094087+00:00,
2026-08-24,824964,605488,Jeffrey Springs,ATH,MIN,1,15.5,+138,-186,live,15.13,0.4397,0.4397,0.3925,0.0705,14,0,2026-08-25T20:38:54.094087+00:00,
2026-08-24,824557,664353,Jose Urquidy,CWS,TEX,1,14.5,-147,+111,live,12.19,0.3485,0.3485,0.5567,0.0691,9,0,2026-08-25T20:38:54.094087+00:00,
2026-08-24,825041,592332,Kevin Gausman,CHC,AZ,0,16.5,-127,-104,live,16.75,0.5788,0.5788,0.5232,0.0693,21,1,2026-08-25T20:38:54.094087+00:00,
2026-08-24,824557,677958,Kumar Rocker,TEX,CWS,0,14.5,-214,+159,live,15.23,0.6876,0.6876,0.6384,0.0676,17,1,2026-08-25T20:38:54.094087+00:00,
2026-08-24,823097,669302,Logan Gilbert,SEA,PHI,1,17.5,-181,+136,live,17.79,0.6382,0.6382,0.6032,0.0679,15,0,2026-08-25T20:38:54.094087+00:00,
2026-08-24,825041,518876,Merrill Kelly,AZ,CHC,1,15.5,-132,+100,live,16.59,0.6077,0.6077,0.5323,0.069,17,1,2026-08-25T20:38:54.094087+00:00,
2026-08-24,823992,800048,Parker Messick,CLE,LAA,0,17.5,-182,+136,live,17.03,0.5613,0.5613,0.6037,0.0691,18,1,2026-08-25T20:38:54.094087+00:00,
2026-08-24,823828,624133,Ranger Suarez,BOS,MIA,0,17.5,-110,-120,live,15.24,0.3291,0.3291,0.4899,0.0693,15,0,2026-08-25T20:38:54.094087+00:00,
2026-08-24,823260,592662,Robbie Ray,SD,PIT,1,16.5,-148,+111,live,16.3,0.5219,0.5219,0.5574,0.0707,16,0,2026-08-25T20:38:54.094087+00:00,
2026-08-24,822695,663372,Ryan Feltner,COL,WSH,0,16.5,-113,-118,live,15.65,0.4442,0.4442,0.495,0.0718,17,1,2026-08-25T20:38:54.094087+00:00,
2026-08-24,823828,645261,Sandy Alcantara,MIA,BOS,1,18.5,+106,-141,live,18.41,0.4302,0.4302,0.4535,0.0705,21,1,2026-08-25T20:38:54.094087+00:00,
2026-08-24,823097,554430,Zack Wheeler,PHI,SEA,0,17.5,-176,+132,live,16.17,0.4571,0.4571,0.5967,0.0687,12,0,2026-08-25T20:38:54.094087+00:00,
2026-08-24,824964,805673,Zebby Matthews,MIN,ATH,0,16.5,-132,-101,live,16.57,0.556,0.556,0.531,0.0715,21,1,2026-08-25T20:38:54.094087+00:00,
2026-08-25,823098,605400,Aaron Nola,PHI,SEA,0,17.5,-133,+100,live,16.29,0.4587,0.4587,0.5331,0.0708,18,1,2026-08-27T01:01:37.424293+00:00,
2026-08-25,823181,605288,Adrian Houser,SF,CIN,1,14.5,-131,-101,live,14.92,0.6603,0.6603,0.5302,0.0696,5,0,2026-08-27T01:01:37.424293+00:00,
2026-08-25,822693,674841,Andrew Alvarez,WSH,COL,1,15.5,+116,-154,live,15.1,0.4415,0.4415,0.433,0.0693,14,0,2026-08-27T01:01:37.424293+00:00,
2026-08-25,824556,641743,Anthony Kay,CWS,TEX,1,16.5,-133,+100,live,15.91,0.4715,0.4715,0.5331,0.0708,14,0,2026-08-27T01:01:37.424293+00:00,
2026-08-25,823181,663903,Brady Singer,CIN,SF,0,17.5,-129,-103,live,16.53,0.4758,0.4758,0.5261,0.0707,17,0,2026-08-27T01:01:37.424293+00:00,
2026-08-25,825042,694297,Brandon Pfaadt,AZ,CHC,1,17.5,-128,-104,live,17.31,0.586,0.586,0.5241,0.0712,20,1,2026-08-27T01:01:37.424293+00:00,
2026-08-25,824881,693821,Bryce Elder,ATL,LAD,1,15.5,-105,-126,live,16.7,0.637,0.637,0.4788,0.0697,18,1,2026-08-27T01:01:37.424293+00:00,
2026-08-25,823016,605135,Chris Bassitt,BAL,STL,0,15.5,-134,+101,live,15.06,0.4283,0.4283,0.5351,0.0702,20,1,2026-08-27T01:01:37.424293+00:00,
2026-08-25,825042,605280,Clay Holmes,CHC,AZ,0,16.5,-109,-121,live,16.41,0.5373,0.5373,0.4878,0.069,21,1,2026-08-27T01:01:37.424293+00:00,
2026-08-25,823505,814490,Ethan Pecko,HOU,NYY,0,14.5,-120,-110,live,14.65,0.6243,0.6243,0.5101,0.0693,13,0,2026-08-27T01:01:37.424293+00:00,
2026-08-25,824962,695611,Gage Jump,ATH,MIN,1,15.5,+105,-139,live,16.44,0.594,0.594,0.4562,0.0694,19,1,2026-08-27T01:01:37.424293+00:00,
2026-08-25,823989,668909,Gavin Williams,CLE,LAA,0,17.5,-178,+133,live,16.99,0.5523,0.5523,0.5987,0.0695,4,0,2026-08-27T01:01:37.424293+00:00,
2026-08-25,823098,669923,George Kirby,SEA,PHI,1,17.5,-125,-106,live,16.8,0.5199,0.5199,0.5192,0.0701,23,1,2026-08-27T01:01:37.424293+00:00,
2026-08-25,824233,695549,Jackson Jobe,DET,TB,1,15.5,-122,-108,live,14.75,0.3937,0.3937,0.5142,0.0688,13,0,2026-08-27T01:01:37.424293+00:00,
2026-08-25,824556,594798,Jacob deGrom,TEX,CWS,0,16.5,-128,-104,live,15.52,0.4297,0.4297,0.5241,0.0712,11,0,2026-08-27T01:01:37.424293+00:00,
2026-08-25,823585,690986,Kyle Harrison,MIL,NYM,0,15.5,+158,-213,live,14.6,0.3748,0.3748,0.3629,0.0681,15,0,2026-08-27T01:01:37.424293+00:00,
2026-08-25,823016,669461,Matthew Liberatore,STL,BAL,1,16.5,-131,-101,live,15.86,0.4682,0.4682,0.5302,0.0696,12,0,2026-08-27T01:05:44.296995+00:00,
2026-08-25,822773,453286,Max Scherzer,TOR,KC,1,15.5,+122,-163,live,14.91,0.415,0.415,0.4209,0.0702,15,0,2026-08-27T01:01:37.424293+00:00,
2026-08-25,823259,650633,Michael King,SD,PIT,1,17.5,-135,+101,live,17.15,0.5608,0.5608,0.5359,0.072,21,1,2026-08-27T01:01:37.424293+00:00,
2026-08-25,823259,694973,Paul Skenes,PIT,SD,0,15.5,-126,-105,live,15.98,0.5426,0.5426,0.5212,0.0697,18,1,2026-08-27T01:01:37.424293+00:00,
2026-08-25,823826,801139,Payton Tolle,BOS,MIA,0,17.5,-158,+119,live,16.5,0.4917,0.4917,0.5729,0.069,16,0,2026-08-27T01:01:37.424293+00:00,
2026-08-25,822773,607625,Seth Lugo,KC,TOR,0,17.5,-146,+110,live,16.43,0.4748,0.4748,0.5548,0.0697,15,0,2026-08-27T01:01:37.424293+00:00,
2026-08-25,824962,671737,Taj Bradley,MIN,ATH,0,17.5,-121,-110,live,16.64,0.5006,0.5006,0.5111,0.0713,20,1,2026-08-27T01:01:37.424293+00:00,
2026-08-25,824881,607192,Tyler Glasnow,LAD,ATL,0,15.5,+100,-133,live,14.61,0.3832,0.3832,0.4669,0.0708,15,0,2026-08-27T01:01:37.424293+00:00,
2026-08-25,823826,663969,Tyler Phillips,MIA,BOS,1,14.5,-155,+116,live,14.37,0.6007,0.6007,0.5677,0.0708,14,0,2026-08-27T01:05:44.296995+00:00,
2026-08-25,823989,700712,Walbert Urena,LAA,CLE,1,15.5,-116,-114,live,15.92,0.5441,0.5441,0.502,0.0697,11,0,2026-08-27T01:01:37.424293+00:00,
2026-08-25,823505,701542,Will Warren,NYY,HOU,1,15.5,-106,-125,live,15.96,0.5466,0.5466,0.4808,0.0701,15,0,2026-08-27T01:01:37.424293+00:00,
2026-08-25,823585,804267,Zac Thornton,NYM,MIL,1,15.5,-115,-116,live,16.04,0.5532,0.5532,0.499,0.0719,18,1,2026-08-27T01:01:37.424293+00:00,
2026-08-26,824878,700363,AJ Smith-Shawver,ATL,LAD,1,14.5,-115,-116,live,14.03,0.5583,0.5583,0.499,0.0719,15,1,2026-08-27T01:18:49.078476+00:00,
2026-08-26,823096,693433,Bryan Woo,SEA,PHI,1,17.5,-119,-111,live,16.56,0.4879,0.4879,0.5081,0.0694,12,0,2026-08-27T01:01:37.621431+00:00,
2026-08-26,823255,696149,Bubba Chandler,PIT,SD,0,15.5,+116,-155,live,15.52,0.4918,0.4918,0.4323,0.0708,17,1,2026-08-27T01:01:37.621431+00:00,
2026-08-26,824963,687570,Connor Prielipp,MIN,ATH,0,16.5,-110,-120,live,15.58,0.4337,0.4337,0.4899,0.0693,16,0,2026-08-27T02:45:00.274753+00:00,
2026-08-26,823584,669160,Dustin May,MIL,NYM,0,15.5,-104,-127,live,15.24,0.4646,0.4646,0.4768,0.0693,1,0,2026-08-27T01:18:49.078476+00:00,
2026-08-26,825039,593958,Eduardo Rodriguez,AZ,CHC,1,17.5,-166,+125,live,17.98,0.6564,0.6564,0.5841,0.0685,21,1,2026-08-27T01:01:37.621431+00:00,
2026-08-26,823506,695684,Elmer Rodriguez,NYY,HOU,1,14.5,-123,-107,live,13.41,0.4816,0.4816,0.5162,0.0685,18,1,2026-08-27T01:18:49.078476+00:00,
2026-08-26,824234,642547,Freddy Peralta,TB,DET,0,16.5,-105,-126,live,15.69,0.4502,0.4502,0.4788,0.0697,18,1,2026-08-27T01:01:37.621431+00:00,
2026-08-26,823988,680570,Grayson Rodriguez,LAA,CLE,1,16.5,-109,-121,live,16.19,0.5008,0.5008,0.4878,0.069,17,1,2026-08-27T01:01:37.621431+00:00,
2026-08-26,824963,669372,J.T. Ginn,ATH,MIN,1,16.5,-102,-130,live,16.59,0.5605,0.5605,0.4718,0.0702,18,1,2026-08-27T02:55:08.675272+00:00,
2026-08-26,823096,666200,Jesus Luzardo,PHI,SEA,0,18.5,+152,-204,live,17.71,0.3528,0.3528,0.3716,0.0679,21,1,2026-08-27T01:01:37.621431+00:00,
2026-08-26,823988,676282,Joey Cantillo,CLE,LAA,0,15.5,+108,-143,live,14.4,0.3501,0.3501,0.4496,0.0692,18,1,2026-08-27T01:01:37.621431+00:00,
2026-08-26,823015,680694,Kyle Bradish,BAL,STL,0,17.5,+101,-134,live,16.23,0.4458,0.4458,0.4649,0.0702,13,0,2026-08-27T01:34:01.731638+00:00,
2026-08-26,824555,669022,MacKenzie Gore,TEX,CWS,0,17.5,-117,-113,live,16.61,0.498,0.498,0.504,0.0697,11,0,2026-08-27T01:28:57.618785+00:00,
2026-08-26,825039,571510,Matthew Boyd,CHC,AZ,0,17.5,-122,-108,live,16.63,0.5016,0.5016,0.5142,0.0688,18,1,2026-08-27T01:01:37.621431+00:00,
2026-08-26,823015,700241,Michael McGreevy,STL,BAL,1,15.5,-135,+102,live,16.58,0.6209,0.6209,0.5371,0.0695,15,0,2026-08-27T01:39:05.560897+00:00,
2026-08-26,823180,666157,Nick Lodolo,CIN,SF,0,15.5,-133,+100,live,15.11,0.4439,0.4439,0.5331,0.0708,12,0,2026-08-27T01:01:37.621431+00:00,
2026-08-26,823506,663567,Peter Lambert,HOU,NYY,0,15.5,-128,-103,live,16.23,0.5701,0.5701,0.5253,0.0688,17,1,2026-08-27T01:18:49.078476+00:00,
2026-08-26,822772,677976,Randy Dobnak,KC,TOR,0,15.5,-131,-101,live,16.01,0.5446,0.5446,0.5302,0.0696,18,1,2026-08-27T01:18:49.078476+00:00,
2026-08-26,823255,681190,Randy Vasquez,SD,PIT,1,15.5,+158,-213,live,14.47,0.3586,0.3586,0.3629,0.0681,15,0,2026-08-27T01:01:37.621431+00:00,
2026-08-26,823584,476594,Robert Stock,NYM,MIL,1,13.5,-134,+101,live,14.36,0.667,0.667,0.5351,0.0702,12,0,2026-08-27T01:18:49.078476+00:00,
2026-08-26,824878,808963,Roki Sasaki,LAD,ATL,0,16.5,-111,-119,live,16.03,0.4877,0.4877,0.4919,0.0694,10,0,2026-08-27T01:18:49.078476+00:00,
2026-08-26,823825,687473,Ryan Gusto,MIA,BOS,1,14.5,-115,-116,live,14.06,0.5591,0.5591,0.499,0.0719,17,1,2026-08-27T01:18:49.078476+00:00,
2026-08-26,824555,680732,Sean Burke,CWS,TEX,1,17.5,-135,+101,live,16.64,0.5001,0.5001,0.5359,0.072,9,0,2026-08-27T01:18:49.078476+00:00,
2026-08-26,823825,543243,Sonny Gray,BOS,MIA,0,17.5,-183,+137,live,16.64,0.4941,0.4941,0.6051,0.0686,15,0,2026-08-27T01:18:49.078476+00:00,
2026-08-26,822692,685299,Tanner Gordon,COL,WSH,0,16.5,-108,-122,live,14.66,0.3197,0.3197,0.4858,0.0688,21,1,2026-08-27T01:28:57.618785+00:00,
2026-08-26,824234,675512,Troy Melton,DET,TB,1,17.5,-141,+106,live,17.22,0.5765,0.5765,0.5465,0.0705,21,1,2026-08-27T01:01:37.621431+00:00,
2026-08-27,824879,519242,Chris Sale,ATL,LAD,1,18.5,+144,-192,live,17.64,0.342,0.342,0.384,0.0674,27,1,2026-08-28T01:38:11.522519+00:00,
2026-08-27,822694,687312,Gabriel Hughes,COL,WSH,0,15.5,-123,-108,live,14.98,0.4276,0.4276,0.5151,0.0708,15,0,2026-08-27T19:07:14.880318+00:00,
2026-08-27,823503,543037,Gerrit Cole,NYY,HOU,1,17.5,-159,+120,live,16.9,0.5311,0.5311,0.5746,0.0684,18,1,2026-08-28T01:07:46.619708+00:00,
2026-08-27,823503,669713,Hayden Wesneski,HOU,NYY,0,15.5,+123,-164,live,15.5,0.4919,0.4919,0.4192,0.0696,15,0,2026-08-28T00:57:37.457419+00:00,
2026-08-27,823581,694819,Jacob Misiorowski,MIL,NYM,0,17.5,-178,+133,live,16.86,0.5315,0.5315,0.5987,0.0695,18,1,2026-08-28T01:12:51.159488+00:00,
2026-08-27,822694,663623,Jake Irvin,WSH,COL,1,16.5,-118,-112,live,15.42,0.4093,0.4093,0.5061,0.0696,13,0,2026-08-27T18:36:39.374184+00:00,
2026-08-27,823179,703615,Jose Cabrera,AZ,SF,0,14.5,-106,-126,live,12.57,0.3818,0.3818,0.48,0.0721,13,0,2026-08-28T03:14:28.014636+00:00,
2026-08-27,823179,694738,Landen Roupp,SF,AZ,1,16.5,-103,-129,live,16.35,0.5321,0.5321,0.4739,0.0707,15,0,2026-08-28T03:19:31.980139+00:00,
2026-08-27,822771,702070,Noah Cameron,KC,TOR,0,17.5,-145,+109,live,17.04,0.5504,0.5504,0.553,0.0703,18,1,2026-08-28T01:17:54.928319+00:00,
2026-08-27,823581,640455,Sean Manaea,NYM,MIL,1,17.5,-119,-111,live,17.07,0.5545,0.5545,0.5081,0.0694,17,0,2026-08-28T00:52:33.120378+00:00,
2026-08-27,822771,681293,Spencer Arrighetti,TOR,KC,1,14.5,+105,-139,live,15.37,0.7036,0.7036,0.4562,0.0694,12,0,2026-08-28T00:22:06.722811+00:00,
2026-08-27,823014,669432,Trevor Rogers,BAL,STL,0,17.5,-157,+118,live,16.63,0.4999,0.4999,0.5711,0.0696,15,0,2026-08-27T19:58:03.864350+00:00,
2026-08-27,824879,808967,Yoshinobu Yamamoto,LAD,ATL,0,18.5,+131,-174,live,18.07,0.3855,0.3855,0.4054,0.0679,19,1,2026-08-28T01:02:41.764738+00:00,
2026-08-28,823985,691725,Andrew Painter,PHI,LAA,0,16.5,-126,-105,live,15.5,0.4222,0.4222,0.5212,0.0697,18,1,2026-08-29T03:27:19.623697+00:00,
2026-08-28,823178,694918,Blade Tidwell,SF,AZ,1,15.5,+101,-134,live,15.85,0.5301,0.5301,0.4649,0.0702,15,0,2026-08-29T03:57:43.302918+00:00,
2026-08-28,824960,687064,Brandon Young,BAL,ATH,0,16.5,-138,+104,live,16.65,0.5616,0.5616,0.5419,0.07,21,1,2026-08-29T03:52:39.506819+00:00,
2026-08-28,823504,693645,Cam Schlittler,NYY,BOS,1,17.5,-158,+119,live,17.04,0.5599,0.5599,0.5729,0.069,17,0,2026-08-29T01:27:16.112959+00:00,
2026-08-28,822935,663554,Casey Mize,SD,TB,0,15.5,-111,-120,live,15.34,0.4703,0.4703,0.491,0.0715,15,0,2026-08-29T00:45:47.481512+00:00,
2026-08-28,823583,681035,Christian Scott,NYM,HOU,1,15.5,-129,-103,live,15.97,0.5395,0.5395,0.5261,0.0707,16,1,2026-08-29T00:45:47.481512+00:00,
2026-08-28,823744,674003,Cody Bradford,TEX,MIL,0,15.5,-103,-129,live,14.86,0.4105,0.4105,0.4739,0.0707,17,1,2026-08-29T01:27:16.112959+00:00,
2026-08-28,824638,656849,David Peterson,CHC,CIN,1,16.5,-117,-114,live,16.25,0.51,0.51,0.503,0.0719,15,0,2026-08-28T19:56:13.394522+00:00,
2026-08-28,823666,665152,Dean Kremer,MIN,CWS,1,16.5,-102,-130,live,16.35,0.5246,0.5246,0.4718,0.0702,12,0,2026-08-29T01:42:28.098631+00:00,
2026-08-28,824231,623454,Drew Anderson,DET,LAD,1,14.5,-123,-107,live,13.7,0.5231,0.5231,0.5162,0.0685,14,0,2026-08-28T23:55:04.050705+00:00,
2026-08-28,822769,656302,Dylan Cease,TOR,SEA,1,17.5,-188,+141,live,18.06,0.666,0.666,0.6114,0.0677,18,1,2026-08-29T01:27:16.112959+00:00,
2026-08-28,822691,691587,Eury Perez,MIA,WSH,0,17.5,-155,+116,live,16.78,0.5081,0.5081,0.5677,0.0708,9,0,2026-08-29T00:00:08.583098+00:00,
2026-08-28,824877,656550,Grant Holmes,ATL,COL,1,15.5,-130,-102,live,14.74,0.4042,0.4042,0.5282,0.0702,15,0,2026-08-29T01:27:16.112959+00:00,
2026-08-28,823583,686613,Hunter Brown,HOU,NYM,0,17.5,-111,-120,live,16.4,0.468,0.468,0.491,0.0715,20,1,2026-08-29T01:27:16.112959+00:00,
2026-08-28,822691,800600,Jackson Kent,WSH,MIA,1,14.5,-144,+109,live,14.7,0.6264,0.6264,0.5523,0.0686,21,1,2026-08-29T01:27:16.112959+00:00,
2026-08-28,824960,682052,Jacob Lopez,ATH,BAL,1,16.5,-108,-122,live,16.01,0.4841,0.4841,0.4858,0.0688,15,0,2026-08-29T03:08:37.445063+00:00,
2026-08-28,823013,683003,Jared Jones,PIT,STL,0,14.5,-165,+124,live,14.63,0.6235,0.6235,0.5824,0.0691,14,0,2026-08-29T01:52:36.904088+00:00,
2026-08-28,823178,684442,Kohl Drake,AZ,SF,0,14.5,-167,+125,live,13.05,0.4356,0.4356,0.5846,0.0699,12,0,2026-08-29T03:42:31.522910+00:00,
2026-08-28,823744,701656,Logan Henderson,MIL,TEX,1,17.5,-170,+128,live,16.5,0.4838,0.4838,0.5894,0.0682,21,1,2026-08-29T01:52:36.904088+00:00,
2026-08-28,823666,622491,Luis Castillo,CWS,MIN,0,15.5,-119,-111,live,15.79,0.5248,0.5248,0.5081,0.0694,12,0,2026-08-29T01:57:40.650042+00:00,
2026-08-28,824396,608379,Michael Wacha,KC,CLE,0,17.5,-175,+131,live,17.29,0.5923,0.5923,0.5951,0.0693,24,1,2026-08-29T01:27:16.112959+00:00,
2026-08-28,823504,663776,Patrick Sandoval,BOS,NYY,0,16.5,-108,-123,live,15.55,0.4283,0.4283,0.4849,0.0708,16,0,2026-08-29T01:27:16.112959+00:00,
2026-08-28,823013,687273,Quinn Mathews,STL,PIT,1,15.5,-131,-102,live,15.85,0.53,0.53,0.529,0.0721,17,1,2026-08-29T02:02:44.911478+00:00,
2026-08-28,823985,672282,Reid Detmers,LAA,PHI,1,17.5,-126,-106,live,16.49,0.4877,0.4877,0.52,0.0721,18,1,2026-08-29T03:18:45.213673+00:00,
2026-08-28,824638,695076,Rhett Lowder,CIN,CHC,0,15.5,-117,-113,live,16.11,0.5595,0.5595,0.504,0.0697,15,0,2026-08-28T20:16:37.703151+00:00,
2026-08-28,822935,663556,Shane McClanahan,TB,SD,1,14.5,-223,+166,live,14.48,0.6156,0.6156,0.6474,0.0663,17,1,2026-08-29T00:40:43.297770+00:00,
2026-08-28,824396,676440,Tanner Bibee,CLE,KC,1,17.5,-165,+124,live,17.46,0.5948,0.5948,0.5824,0.0691,18,1,2026-08-29T00:50:51.857530+00:00,
2026-08-28,824231,669373,Tarik Skubal,LAD,DET,0,18.5,-107,-123,live,17.27,0.2962,0.2962,0.4838,0.0685,18,0,2026-08-29T00:40:43.297770+00:00,
2026-08-28,824877,608372,Tomoyuki Sugano,COL,ATL,0,15.5,+114,-152,live,15.76,0.5164,0.5164,0.4365,0.0705,12,0,2026-08-29T01:27:16.112959+00:00,
2026-08-29,824637,671096,Andrew Abbott,CIN,CHC,0,16.5,-101,-132,live,16.24,0.5171,0.5171,0.469,0.0715,9,0,2026-08-29T19:36:07.177744+00:00,
2026-08-29,823665,641927,Bailey Ober,MIN,CWS,1,15.5,-119,-111,live,16.19,0.5749,0.5749,0.5081,0.0694,15,0,2026-08-29T19:41:11.944827+00:00,
2026-08-29,824230,605483,Blake Snell,LAD,DET,0,17.5,-146,+110,live,15.42,0.348,0.348,0.5548,0.0697,15,0,2026-08-29T18:55:25.511977+00:00,
2026-08-29,822690,676917,Cade Cavalli,WSH,MIA,1,17.5,-163,+122,live,16.58,0.485,0.485,0.5791,0.0702,12,0,2026-08-29T21:27:53.500341+00:00,
2026-08-29,823741,615698,Cal Quantrill,TEX,MIL,0,15.5,+115,-153,live,15.53,0.4952,0.4952,0.4347,0.0699,18,1,2026-08-30T01:11:21.095104+00:00,
2026-08-29,823539,607074,Carlos Rodon,NYY,BOS,1,14.5,-173,+130,live,15.67,0.7257,0.7257,0.5931,0.0685,14,0,2026-08-29T18:35:07.528855+00:00,
2026-08-29,823986,650911,Cristopher Sanchez,PHI,LAA,0,18.5,+114,-152,live,17.44,0.314,0.314,0.4365,0.0705,21,1,2026-08-30T04:24:04.876514+00:00,
2026-08-29,824392,663738,Daniel Lynch,KC,CLE,0,12.5,-136,+102,live,11.39,0.3919,0.3919,0.5379,0.0713,10,0,2026-08-29T21:17:43.807956+00:00,
2026-08-29,823665,607200,Erick Fedde,CWS,MIN,0,14.5,+101,-134,live,14.56,0.6249,0.6249,0.4649,0.0702,15,1,2026-08-29T19:51:21.924731+00:00,
2026-08-29,824392,656492,Foster Griffin,CLE,KC,1,17.5,-176,+132,live,16.88,0.5328,0.5328,0.5967,0.0687,15,0,2026-08-29T21:38:02.652947+00:00,
2026-08-29,824961,678022,Jack Perkins,ATH,BAL,1,14.5,-186,+139,live,15.23,0.6864,0.6864,0.6085,0.0688,15,1,2026-08-30T03:33:21.765010+00:00,
2026-08-29,823539,687562,Jake Bennett,BOS,NYY,0,17.5,-103,-129,live,16.51,0.4934,0.4934,0.4739,0.0707,18,1,2026-08-29T19:10:44.106572+00:00,
2026-08-29,822770,667755,Jose Soriano,TOR,SEA,1,16.5,-116,-114,live,16.66,0.5625,0.5625,0.502,0.0697,21,1,2026-08-29T22:03:25.164109+00:00,
2026-08-29,822770,807739,Kade Anderson,SEA,TOR,0,15.5,+123,-164,live,14.83,0.4131,0.4131,0.4192,0.0696,13,0,2026-08-29T21:12:39.320308+00:00,
2026-08-29,824230,672456,Keider Montero,DET,LAD,1,15.5,+128,-171,live,15.47,0.4798,0.4798,0.4101,0.0696,16,1,2026-08-29T18:50:20.973440+00:00,
2026-08-29,824637,592332,Kevin Gausman,CHC,CIN,1,17.5,-126,-105,live,16.83,0.527,0.527,0.5212,0.0697,15,0,2026-08-29T20:06:35.477801+00:00,
2026-08-29,823011,681517,Kyle Leahy,STL,PIT,1,12.5,+129,-172,live,15.41,0.8119,0.8119,0.4085,0.069,9,0,2026-08-29T19:15:48.830316+00:00,
2026-08-29,824874,527048,Martin Perez,ATL,COL,1,15.5,-136,+103,live,14.81,0.4012,0.4012,0.5391,0.0689,17,1,2026-08-29T21:53:16.019182+00:00,
2026-08-29,823501,608331,Max Fried,NYY,BOS,1,14.5,+104,-138,live,15.11,0.6902,0.6902,0.4581,0.07,11,0,2026-08-30T00:35:50.306533+00:00,
2026-08-29,823177,518876,Merrill Kelly,AZ,SF,0,17.5,+100,-133,live,16.0,0.4242,0.4242,0.4669,0.0708,21,1,2026-08-29T22:18:49.625672+00:00,
2026-08-29,822936,607259,Nick Martinez,TB,SD,1,17.5,-111,-119,live,16.75,0.5233,0.5233,0.4919,0.0694,18,1,2026-08-29T21:43:07.243800+00:00,
2026-08-29,823582,690997,Nolan McLean,NYM,HOU,1,17.5,-167,+125,live,17.15,0.555,0.555,0.5846,0.0699,21,1,2026-08-29T22:18:49.625672+00:00,
2026-08-29,823986,696270,Ryan Johnson,LAA,PHI,1,14.5,-180,+135,live,15.35,0.6984,0.6984,0.6017,0.0684,15,1,2026-08-30T03:33:21.765010+00:00,
2026-08-29,822690,645261,Sandy Alcantara,MIA,WSH,0,20.5,+102,-135,live,18.13,0.3285,0.3285,0.4629,0.0695,18,0,2026-08-29T22:13:34.141225+00:00,
2026-08-29,824961,669358,Shane Baz,BAL,ATH,0,17.5,-135,+102,live,16.86,0.5435,0.5435,0.5371,0.0695,17,0,2026-08-30T03:53:39.035299+00:00,
2026-08-29,823741,675660,Shane Drohan,MIL,TEX,1,15.5,-123,-108,live,16.2,0.5703,0.5703,0.5151,0.0708,15,0,2026-08-30T00:51:03.352914+00:00,
2026-08-29,822936,621111,Walker Buehler,SD,TB,0,15.5,+151,-203,live,15.27,0.4659,0.4659,0.3729,0.0684,15,0,2026-08-29T21:38:02.652947+00:00,
2026-08-30,823010,677952,Braxton Ashcraft,PIT,STL,0,17.5,-139,+104,live,16.16,0.4553,0.4553,0.5426,0.0718,15,0,2026-08-30T20:02:40.231452+00:00,
2026-08-30,824636,695505,Chase Burns,CIN,CHC,0,15.5,+147,-197,live,16.14,0.5684,0.5684,0.379,0.0682,17,1,2026-08-31T01:42:35.517401+00:00,
2026-08-30,824959,605135,Chris Bassitt,BAL,ATH,0,16.5,-140,+105,live,15.32,0.4032,0.4032,0.5446,0.0711,17,1,2026-08-30T22:04:29.448025+00:00,
2026-08-30,822933,656876,Drew Rasmussen,TB,SD,1,17.5,-103,-128,live,16.82,0.5202,0.5202,0.4747,0.0688,18,1,2026-08-30T19:27:08.545622+00:00,
2026-08-30,823740,669160,Dustin May,MIL,TEX,1,14.5,-162,+122,live,11.92,0.3054,0.3054,0.5785,0.0688,13,0,2026-08-30T19:57:35.709460+00:00,
2026-08-30,823580,814490,Ethan Pecko,HOU,NYM,0,14.5,-133,+100,live,14.57,0.6138,0.6138,0.5331,0.0708,15,1,2026-08-30T21:03:35.580384+00:00,
2026-08-30,824232,664285,Framber Valdez,DET,LAD,1,17.5,-119,-112,live,16.92,0.5371,0.5371,0.507,0.0717,18,1,2026-08-30T20:22:57.297168+00:00,
2026-08-30,824959,605488,Jeffrey Springs,ATH,BAL,1,15.5,+122,-162,live,15.19,0.4437,0.4437,0.4215,0.0688,14,0,2026-08-30T21:34:01.338923+00:00,
2026-08-30,823740,677958,Kumar Rocker,TEX,MIL,0,15.5,+145,-194,live,15.44,0.4763,0.4763,0.3822,0.068,9,0,2026-08-30T19:42:22.974741+00:00,
2026-08-30,822766,669302,Logan Gilbert,SEA,TOR,0,17.5,-206,+153,live,17.34,0.5917,0.5917,0.6301,0.0685,15,0,2026-08-30T19:16:58.586292+00:00,
2026-08-30,824876,690279,Mason Adams,COL,ATL,0,14.5,-135,+102,live,13.83,0.5307,0.5307,0.5371,0.0695,15,1,2026-08-30T19:06:50.314603+00:00,
2026-08-30,823010,669461,Matthew Liberatore,STL,PIT,1,16.5,-121,-110,live,15.98,0.482,0.482,0.5111,0.0713,17,1,2026-08-30T19:57:35.709460+00:00,
2026-08-30,822766,453286,Max Scherzer,TOR,SEA,1,15.5,+133,-177,live,15.02,0.4299,0.4299,0.4018,0.0682,21,1,2026-08-30T19:37:18.432658+00:00,
2026-08-30,824393,800048,Parker Messick,CLE,KC,1,18.5,+145,-194,live,17.48,0.3187,0.3187,0.3822,0.068,18,0,2026-08-30T20:02:40.231452+00:00,
2026-08-30,823502,624133,Ranger Suarez,BOS,NYY,0,17.5,-101,-131,live,15.33,0.3377,0.3377,0.4698,0.0696,16,0,2026-08-30T19:27:08.545622+00:00,
2026-08-30,822933,592662,Robbie Ray,SD,TB,0,16.5,-105,-127,live,16.18,0.5085,0.5085,0.4779,0.0717,18,1,2026-08-30T19:37:18.432658+00:00,
2026-08-30,824393,607625,Seth Lugo,KC,CLE,0,16.5,-109,-122,live,16.34,0.5265,0.5265,0.4869,0.0711,11,0,2026-08-30T19:32:13.422889+00:00,
2026-08-30,824636,684007,Shota Imanaga,CHC,CIN,1,16.5,-116,-114,live,16.48,0.546,0.546,0.502,0.0697,15,0,2026-08-31T01:22:18.993305+00:00,
2026-08-30,824232,607192,Tyler Glasnow,LAD,DET,0,17.5,-105,-126,live,15.58,0.3729,0.3729,0.4788,0.0697,21,1,2026-08-30T20:58:31.357745+00:00,
2026-08-30,824876,641816,Tyler Mahle,ATL,COL,1,17.5,-133,+100,live,16.26,0.4481,0.4481,0.5331,0.0708,20,1,2026-08-30T19:16:58.586292+00:00,
2026-08-30,823502,701542,Will Warren,NYY,BOS,1,15.5,-117,-113,live,16.14,0.5683,0.5683,0.504,0.0697,21,1,2026-08-30T19:57:35.709460+00:00,
2026-08-30,823987,579328,Yusei Kikuchi,LAA,PHI,1,15.5,-125,-106,live,14.57,0.3673,0.3673,0.5192,0.0701,21,1,2026-08-30T22:09:34.873846+00:00,
2026-08-30,823580,804267,Zac Thornton,NYM,HOU,1,15.5,-116,-114,live,16.29,0.5843,0.5843,0.502,0.0697,15,0,2026-08-30T20:46:41.238877+00:00,
2026-08-30,823987,554430,Zack Wheeler,PHI,LAA,0,17.5,-174,+130,live,16.32,0.469,0.469,0.5936,0.0698,18,1,2026-08-30T21:59:24.556988+00:00,
2026-08-30,823662,805673,Zebby Matthews,MIN,CWS,1,16.5,-126,-105,live,17.2,0.6242,0.6242,0.5212,0.0697,25,1,2026-08-30T20:22:57.297168+00:00,
2026-08-31,825040,605400,Aaron Nola,PHI,AZ,0,16.5,-137,+104,live,16.31,0.5206,0.5206,0.5411,0.0683,15,0,2026-09-01T03:31:33.900649+00:00,
2026-08-31,824149,641743,Anthony Kay,CWS,HOU,0,15.5,-102,-129,live,15.69,0.5179,0.5179,0.4727,0.0683,14,0,2026-09-01T02:00:17.518292+00:00,
2026-08-31,824911,683627,Anthony Molina,SF,ATL,0,9.5,-120,-110,live,11.92,0.7364,0.7364,0.5101,0.0693,15,1,2026-08-31T23:43:19.216345+00:00,
2026-08-31,824473,663903,Brady Singer,CIN,SD,1,17.5,-132,+100,live,16.94,0.5254,0.5254,0.5323,0.069,13,0,2026-09-01T00:18:49.512054+00:00,
2026-08-31,825040,694297,Brandon Pfaadt,AZ,PHI,1,17.5,-117,-113,live,17.42,0.5994,0.5994,0.504,0.0697,18,1,2026-09-01T03:36:38.031608+00:00,
2026-08-31,824911,693821,Bryce Elder,ATL,SF,1,17.5,-114,-116,live,17.0,0.5379,0.5379,0.498,0.0697,16,0,2026-08-31T23:33:10.431487+00:00,
2026-08-31,824635,605280,Clay Holmes,CHC,MIL,1,15.5,-123,-108,live,16.78,0.63,0.63,0.5151,0.0708,18,1,2026-09-01T01:39:59.453333+00:00,
2026-08-31,823982,695684,Elmer Rodriguez,NYY,LAA,0,14.5,-170,+128,live,14.58,0.6166,0.6166,0.5894,0.0682,11,0,2026-09-01T02:51:00.199978+00:00,
2026-08-31,822855,695611,Gage Jump,ATH,TEX,0,16.5,-106,-125,live,16.33,0.5237,0.5237,0.4808,0.0701,13,0,2026-09-01T01:29:51.228593+00:00,
2026-08-31,824719,669923,George Kirby,SEA,BOS,0,17.5,-111,-120,live,16.93,0.5412,0.5412,0.491,0.0715,15,0,2026-09-01T00:39:08.032023+00:00,
2026-08-31,822932,693855,Ian Seymour,TB,NYM,1,17.5,-122,-109,live,15.64,0.3709,0.3709,0.5131,0.0711,19,1,2026-09-01T00:18:49.512054+00:00,
2026-08-31,823663,695549,Jackson Jobe,DET,MIN,0,14.5,-175,+131,live,14.53,0.6172,0.6172,0.5951,0.0693,15,1,2026-09-01T01:14:38.127869+00:00,
2026-08-31,822855,594798,Jacob deGrom,TEX,ATH,1,17.5,-139,+105,live,15.9,0.4075,0.4075,0.5438,0.0694,21,1,2026-09-01T02:05:22.139107+00:00,
2026-08-31,824635,690986,Kyle Harrison,MIL,CHC,0,15.5,+106,-141,live,15.01,0.4228,0.4228,0.4535,0.0705,11,0,2026-09-01T01:04:29.147028+00:00,
2026-08-31,824473,650633,Michael King,SD,CIN,0,17.5,-130,-102,live,16.86,0.5299,0.5299,0.5282,0.0702,18,1,2026-09-01T00:54:20.796093+00:00,
2026-08-31,824719,801139,Payton Tolle,BOS,SEA,1,17.5,-145,+109,live,16.95,0.5447,0.5447,0.553,0.0703,17,0,2026-09-01T00:23:53.899919+00:00,
2026-08-31,824149,663567,Peter Lambert,HOU,CWS,1,16.5,-115,-115,live,16.66,0.5642,0.5642,0.5,0.0698,14,0,2026-09-01T01:45:04.300131+00:00,
2026-08-31,822932,476594,Robert Stock,NYM,TB,0,14.5,-119,-111,live,14.21,0.576,0.576,0.5081,0.0694,16,1,2026-09-01T00:08:40.717623+00:00,
2026-08-31,822689,687473,Ryan Gusto,MIA,WSH,0,14.5,-155,+116,live,13.94,0.5467,0.5467,0.5677,0.0708,13,0,2026-09-01T00:18:49.512054+00:00,
2026-08-31,823663,671737,Taj Bradley,MIN,DET,1,17.5,-136,+102,live,17.05,0.5484,0.5484,0.5379,0.0713,21,1,2026-09-01T01:45:04.300131+00:00,
2026-08-31,824314,685299,Tanner Gordon,COL,BAL,1,15.5,-115,-115,live,15.57,0.4911,0.4911,0.5,0.0698,15,0,2026-09-01T03:41:42.090191+00:00,
2026-08-31,823982,700712,Walbert Urena,LAA,NYY,1,15.5,+110,-146,live,15.84,0.5339,0.5339,0.4452,0.0697,21,1,2026-09-01T03:56:53.846887+00:00,
2026-08-31,822689,702021,Will Dion,WSH,MIA,1,11.5,-131,-101,live,12.19,0.6791,0.6791,0.5302,0.0696,9,0,2026-08-31T23:43:19.216345+00:00,
2026-09-01,822687,700363,AJ Smith-Shawver,ATL,WSH,0,14.5,-158,+119,live,14.37,0.599,0.599,0.5729,0.069,12,0,2026-09-02T00:17:21.850977+00:00,
2026-09-01,824716,693433,Bryan Woo,SEA,BOS,0,16.5,-132,-101,live,16.17,0.5063,0.5063,0.531,0.0715,18,1,2026-09-02T01:28:27.700736+00:00,
2026-09-01,825038,593958,Eduardo Rodriguez,AZ,PHI,1,17.5,-173,+130,live,18.12,0.6733,0.6733,0.5931,0.0685,15,0,2026-09-02T03:14:59.774015+00:00,
2026-09-01,823908,641778,Eric Lauer,LAD,STL,1,15.5,-115,-115,live,16.58,0.615,0.615,0.5,0.0698,9,0,2026-09-02T03:20:04.451998+00:00,
2026-09-01,822929,642547,Freddy Peralta,TB,NYM,1,15.5,-117,-114,live,16.04,0.5558,0.5558,0.503,0.0719,18,1,2026-09-02T00:12:16.492056+00:00,
2026-09-01,824313,687312,Gabriel Hughes,COL,BAL,1,14.5,-163,+123,live,15.62,0.7184,0.7184,0.5802,0.0682,14,0,2026-09-02T02:09:03.133325+00:00,
2026-09-01,824391,668909,Gavin Williams,CLE,TOR,1,17.5,-125,-106,live,16.61,0.5094,0.5094,0.5192,0.0701,21,1,2026-09-02T00:47:50.145462+00:00,
2026-09-01,823984,543037,Gerrit Cole,NYY,LAA,0,17.5,-184,+138,live,16.4,0.4726,0.4726,0.6066,0.0681,16,0,2026-09-02T03:30:12.972819+00:00,
2026-09-01,823984,680570,Grayson Rodriguez,LAA,NYY,1,15.5,-136,+103,live,16.19,0.5684,0.5684,0.5391,0.0689,18,1,2026-09-02T03:35:18.290021+00:00,
2026-09-01,822687,663623,Jake Irvin,WSH,ATL,1,15.5,+104,-139,live,15.79,0.5216,0.5216,0.4574,0.0718,12,0,2026-09-02T00:12:16.492056+00:00,
2026-09-01,825038,666200,Jesus Luzardo,PHI,AZ,0,18.5,+125,-166,live,17.91,0.3738,0.3738,0.4159,0.0685,20,1,2026-09-02T03:45:27.124448+00:00,
2026-09-01,824313,680694,Kyle Bradish,BAL,COL,0,16.5,-109,-121,live,16.17,0.5081,0.5081,0.4878,0.069,15,0,2026-09-02T02:34:25.990627+00:00,
2026-09-01,823340,657277,Logan Webb,SF,PIT,0,17.5,-181,+135,live,17.04,0.5649,0.5649,0.6022,0.0697,6,0,2026-09-01T23:51:57.699986+00:00,
2026-09-01,822854,669022,MacKenzie Gore,TEX,ATH,1,17.5,-137,+104,live,16.92,0.5348,0.5348,0.5411,0.0683,16,0,2026-09-02T02:03:58.835260+00:00,
2026-09-01,824633,571510,Matthew Boyd,CHC,MIL,1,17.5,-102,-130,live,17.17,0.5652,0.5652,0.4718,0.0702,16,0,2026-09-02T01:28:27.700736+00:00,
2026-09-01,823908,700241,Michael McGreevy,STL,LAD,0,14.5,-209,+156,live,16.42,0.7868,0.7868,0.6339,0.067,15,1,2026-09-02T04:05:44.743750+00:00,
2026-09-01,824472,666157,Nick Lodolo,CIN,SD,1,15.5,-101,-131,live,15.49,0.489,0.489,0.4698,0.0696,18,1,2026-09-02T00:32:36.515065+00:00,
2026-09-01,823340,694973,Paul Skenes,PIT,SF,1,16.5,-105,-127,live,15.91,0.4749,0.4749,0.4779,0.0717,14,0,2026-09-02T00:32:36.515065+00:00,
2026-09-01,824070,677976,Randy Dobnak,KC,MIA,1,15.5,+108,-144,live,16.42,0.592,0.592,0.4489,0.0709,18,1,2026-09-02T01:13:12.883806+00:00,
2026-09-01,824472,681190,Randy Vasquez,SD,CIN,0,14.5,+100,-132,live,14.4,0.6082,0.6082,0.4677,0.069,14,0,2026-09-02T00:12:16.492056+00:00,
2026-09-01,824633,688107,Robert Gasser,MIL,CHC,0,14.5,-176,+131,live,15.55,0.7216,0.7216,0.5956,0.0706,13,0,2026-09-02T01:18:17.428817+00:00,
2026-09-01,824148,669854,Ronel Blanco,HOU,CWS,1,14.5,-150,+113,live,14.4,0.6055,0.6055,0.561,0.0695,12,0,2026-09-02T01:38:36.710721+00:00,
2026-09-01,824148,680732,Sean Burke,CWS,HOU,0,16.5,-113,-117,live,16.3,0.5252,0.5252,0.496,0.0697,17,1,2026-09-02T02:19:12.249568+00:00,
2026-09-01,822929,640455,Sean Manaea,NYM,TB,0,17.5,-168,+126,live,16.68,0.5087,0.5087,0.5862,0.0693,17,0,2026-09-02T00:07:12.082819+00:00,
2026-09-01,823661,675512,Troy Melton,DET,MIN,0,17.5,-105,-126,live,16.94,0.5494,0.5494,0.4788,0.0697,16,0,2026-09-02T01:28:27.700736+00:00,
2026-09-01,824070,663969,Tyler Phillips,MIA,KC,0,14.5,-105,-126,live,14.22,0.5836,0.5836,0.4788,0.0697,15,1,2026-09-02T00:57:59.258298+00:00,
2026-09-02,825037,691725,Andrew Painter,PHI,AZ,0,15.5,+112,-149,live,15.49,0.4871,0.4871,0.4408,0.0701,21,1,2026-09-02T21:35:55.105880+00:00,
2026-09-02,824470,682227,Brandon Williamson,CIN,SD,1,14.5,-101,-131,live,14.16,0.5794,0.5794,0.4698,0.0696,16,1,2026-09-02T18:22:35.990031+00:00,
2026-09-02,824717,682243,Bryce Miller,SEA,BOS,0,15.5,-115,-116,live,16.02,0.5526,0.5526,0.499,0.0719,14,0,2026-09-02T21:46:05.000183+00:00,
2026-09-02,823339,696149,Bubba Chandler,PIT,SF,1,14.5,-170,+128,live,15.68,0.7311,0.7311,0.5894,0.0682,15,1,2026-09-03T00:13:29.997210+00:00,
2026-09-02,823983,693645,Cam Schlittler,NYY,LAA,0,17.5,-190,+142,live,16.86,0.544,0.544,0.6132,0.0684,24,1,2026-09-03T04:01:58.144686+00:00,
2026-09-02,824470,663554,Casey Mize,SD,CIN,0,15.5,+108,-143,live,15.09,0.434,0.434,0.4496,0.0692,12,0,2026-09-02T18:07:21.754989+00:00,
2026-09-02,822851,674003,Cody Bradford,TEX,ATH,1,17.5,-132,-101,live,15.41,0.3468,0.3468,0.531,0.0715,12,0,2026-09-02T20:04:21.824391+00:00,
2026-09-02,824634,656849,David Peterson,CHC,MIL,1,15.5,-103,-129,live,15.72,0.5085,0.5085,0.4739,0.0707,11,0,2026-09-03T01:09:20.877399+00:00,
2026-09-02,824147,663436,Davis Martin,CWS,HOU,0,13.5,-110,-121,live,13.79,0.6124,0.6124,0.4889,0.0713,17,1,2026-09-03T01:39:50.050331+00:00,
2026-09-02,823660,665152,Dean Kremer,MIN,DET,1,15.5,-116,-115,live,16.16,0.5693,0.5693,0.501,0.0719,12,0,2026-09-03T01:04:16.750233+00:00,
2026-09-02,823660,623454,Drew Anderson,DET,MIN,0,15.5,+124,-165,live,13.55,0.2436,0.2436,0.4176,0.0691,17,1,2026-09-03T01:39:50.050331+00:00,
2026-09-02,824390,656302,Dylan Cease,TOR,CLE,0,17.5,-156,+117,live,17.41,0.6029,0.6029,0.5694,0.0702,18,1,2026-09-03T00:43:57.638866+00:00,
2026-09-02,824068,691587,Eury Perez,MIA,KC,0,16.5,+101,-134,live,16.2,0.5068,0.5068,0.4649,0.0702,14,0,2026-09-03T01:24:34.715069+00:00,
2026-09-02,822686,656550,Grant Holmes,ATL,WSH,0,15.5,+115,-152,live,14.51,0.3657,0.3657,0.4354,0.0683,9,0,2026-09-02T19:28:46.623408+00:00,
2026-09-02,822931,643377,Griffin Jax,TB,NYM,1,11.5,-138,+104,live,13.84,0.8046,0.8046,0.5419,0.07,8,0,2026-09-02T23:27:47.811173+00:00,
2026-09-02,824147,669713,Hayden Wesneski,HOU,CWS,1,15.5,+101,-135,live,15.81,0.5244,0.5244,0.4641,0.072,21,1,2026-09-03T02:00:09.501218+00:00,
2026-09-02,822851,682052,Jacob Lopez,ATH,TEX,0,15.5,-129,-103,live,15.43,0.4725,0.4725,0.5261,0.0707,18,1,2026-09-02T20:50:09.802775+00:00,
2026-09-02,824634,694819,Jacob Misiorowski,MIL,CHC,0,17.5,-149,+112,live,16.49,0.4857,0.4857,0.5592,0.0701,12,0,2026-09-03T01:39:50.050331+00:00,
2026-09-02,824390,676282,Joey Cantillo,CLE,TOR,1,15.5,+113,-150,live,14.75,0.3867,0.3867,0.439,0.0695,16,1,2026-09-03T00:23:39.685608+00:00,
2026-09-02,822931,663795,Justin Hagenman,NYM,TB,0,12.5,-108,-122,live,13.61,0.6475,0.6475,0.4858,0.0688,9,0,2026-09-02T23:48:06.053634+00:00,
2026-09-02,823339,694738,Landen Roupp,SF,PIT,0,15.5,+108,-144,live,15.98,0.5514,0.5514,0.4489,0.0709,15,0,2026-09-03T00:18:34.705830+00:00,
2026-09-02,824068,702070,Noah Cameron,KC,MIA,1,17.5,-133,+100,live,16.98,0.544,0.544,0.5331,0.0708,15,0,2026-09-03T01:29:39.574427+00:00,
2026-09-02,824717,663776,Patrick Sandoval,BOS,SEA,1,16.5,+103,-137,live,15.97,0.4787,0.4787,0.4601,0.0707,12,0,2026-09-02T21:30:49.874798+00:00,
2026-09-02,823983,672282,Reid Detmers,LAA,NYY,1,17.5,-119,-112,live,16.59,0.5017,0.5017,0.507,0.0717,21,1,2026-09-03T03:36:36.118437+00:00,
2026-09-02,824312,608372,Tomoyuki Sugano,COL,BAL,1,15.5,+106,-141,live,16.04,0.5473,0.5473,0.4535,0.0705,18,1,2026-09-02T20:50:09.802775+00:00,
2026-09-02,824312,669432,Trevor Rogers,BAL,COL,0,17.5,-134,+101,live,16.27,0.4578,0.4578,0.5351,0.0702,20,1,2026-09-02T21:10:29.958202+00:00,
2026-09-02,823906,808967,Yoshinobu Yamamoto,LAD,STL,1,18.5,-115,-116,live,18.38,0.4191,0.4191,0.499,0.0719,21,1,2026-09-03T04:27:20.944280+00:00,
2026-09-03,823337,694918,Blade Tidwell,SF,PIT,0,15.5,+134,-180,live,15.32,0.4645,0.4645,0.3993,0.0702,15,0,2026-09-03T18:15:36.209795+00:00,
2026-09-03,824796,687064,Brandon Young,BAL,BOS,1,17.5,-101,-132,live,16.87,0.5338,0.5338,0.469,0.0715,20,1,2026-09-04T00:56:24.611998+00:00,
2026-09-03,822853,615698,Cal Quantrill,TEX,TB,1,16.5,-120,-110,live,15.83,0.4642,0.4642,0.5101,0.0693,21,1,2026-09-04T01:52:18.233073+00:00,
2026-09-03,824144,686613,Hunter Brown,HOU,CWS,1,17.5,-109,-121,live,16.71,0.5098,0.5098,0.4878,0.069,18,1,2026-09-03T20:02:36.983446+00:00,
2026-09-03,823095,678022,Jack Perkins,ATH,SEA,0,15.5,+120,-160,live,14.66,0.3725,0.3725,0.4248,0.0699,9,0,2026-09-04T03:03:21.707928+00:00,
2026-09-03,824796,687562,Jake Bennett,BOS,BAL,0,16.5,-117,-113,live,16.22,0.5174,0.5174,0.504,0.0697,18,1,2026-09-04T01:01:29.308392+00:00,
2026-09-03,824388,667755,Jose Soriano,TOR,CLE,0,16.5,-128,-104,live,16.3,0.5218,0.5218,0.5241,0.0712,14,0,2026-09-03T19:11:42.919839+00:00,
2026-09-03,823095,807739,Kade Anderson,SEA,ATH,1,16.5,-113,-117,live,15.05,0.372,0.372,0.496,0.0697,15,0,2026-09-04T03:28:43.966191+00:00,
2026-09-03,824632,592332,Kevin Gausman,CHC,MIL,1,16.5,-114,-116,live,16.47,0.5469,0.5469,0.498,0.0697,21,1,2026-09-04T01:11:39.143671+00:00,
2026-09-03,823337,669199,Lake Bachar,PIT,SF,1,5.5,-220,+159,live,10.69,0.8999,0.8999,0.6404,0.0736,7,1,2026-09-03T17:24:42.751264+00:00,
2026-09-03,824632,701656,Logan Henderson,MIL,CHC,0,17.5,-107,-124,live,15.83,0.4028,0.4028,0.4829,0.0705,21,1,2026-09-04T01:16:43.523102+00:00,
2026-09-03,824144,622491,Luis Castillo,CWS,HOU,0,15.5,-123,-108,live,15.45,0.4813,0.4813,0.5151,0.0708,12,0,2026-09-03T19:42:15.931741+00:00,
2026-09-03,824069,608379,Michael Wacha,KC,MIA,1,18.5,+136,-183,live,17.52,0.322,0.322,0.3959,0.0704,18,0,2026-09-04T01:21:48.768345+00:00,
2026-09-03,823907,687273,Quinn Mathews,STL,LAD,0,15.5,+104,-139,live,15.43,0.4832,0.4832,0.4574,0.0718,15,0,2026-09-04T04:04:16.282097+00:00,
2026-09-03,824069,645261,Sandy Alcantara,MIA,KC,0,18.5,+129,-172,live,17.87,0.3632,0.3632,0.4085,0.069,18,0,2026-09-04T01:42:08.102975+00:00,
2026-09-03,822853,663556,Shane McClanahan,TB,TEX,0,14.5,-217,+161,live,13.99,0.5659,0.5659,0.6411,0.0677,15,1,2026-09-04T01:31:57.818454+00:00,
2026-09-03,824388,676440,Tanner Bibee,CLE,TOR,1,17.5,-184,+138,live,17.35,0.5896,0.5896,0.6066,0.0681,12,0,2026-09-03T18:46:09.295128+00:00,
2026-09-03,823907,669373,Tarik Skubal,LAD,STL,1,18.5,+101,-135,live,17.4,0.3072,0.3072,0.4641,0.072,17,0,2026-09-04T03:59:12.051192+00:00,
2026-09-04,824311,669467,Andre Pallante,STL,COL,0,11.5,-172,+129,live,15.5,0.8938,0.8938,0.5915,0.069,15,1,2026-09-05T02:19:31.877016+00:00,
2026-09-04,823905,605483,Blake Snell,LAD,WSH,1,17.5,-162,+122,live,15.71,0.384,0.384,0.5785,0.0688,18,1,2026-09-05T04:00:41.174521+00:00,
2026-09-04,823418,519242,Chris Sale,ATL,PHI,0,17.5,-168,+126,live,17.16,0.5592,0.5592,0.5862,0.0693,18,1,2026-09-05T00:43:08.597495+00:00,
2026-09-04,824146,664299,Cristian Javier,HOU,AZ,1,14.5,-133,+100,live,14.62,0.6272,0.6272,0.5331,0.0708,15,1,2026-09-05T01:44:01.567004+00:00,
2026-09-04,823418,650911,Cristopher Sanchez,PHI,ATL,1,18.5,+121,-162,live,17.65,0.3348,0.3348,0.4226,0.0708,18,0,2026-09-05T00:38:03.824710+00:00,
2026-09-04,824067,663738,Daniel Lynch,KC,TOR,1,12.5,-183,+137,live,12.1,0.4752,0.4752,0.6051,0.0686,15,1,2026-09-05T01:23:43.839977+00:00,
2026-09-04,824554,607200,Erick Fedde,CWS,MIN,1,14.5,-194,+145,live,15.04,0.6763,0.6763,0.6178,0.068,15,1,2026-09-05T01:08:30.482057+00:00,
2026-09-04,824387,656492,Foster Griffin,CLE,DET,1,16.5,-124,-107,live,16.77,0.5753,0.5753,0.5171,0.0705,18,1,2026-09-05T01:38:57.028575+00:00,
2026-09-04,823905,800600,Jackson Kent,WSH,LAD,0,14.5,-153,+115,live,14.77,0.6368,0.6368,0.5653,0.0699,15,1,2026-09-05T03:55:36.547448+00:00,
2026-09-04,824067,592791,Jameson Taillon,TOR,KC,0,11.5,-188,+140,live,12.9,0.7371,0.7371,0.6104,0.0694,6,0,2026-09-05T00:53:17.464292+00:00,
2026-09-04,823824,676083,Janson Junk,MIA,CHC,1,13.5,-115,-115,live,14.38,0.6737,0.6737,0.5,0.0698,15,1,2026-09-05T00:32:59.011465+00:00,
2026-09-04,823338,683003,Jared Jones,PIT,LAA,1,14.5,-201,+150,live,14.88,0.6532,0.6532,0.6254,0.0678,18,1,2026-09-05T00:48:12.938293+00:00,
2026-09-04,823093,695034,Kade Morris,ATH,SEA,0,9.5,+119,-159,live,14.76,0.9058,0.9058,0.4265,0.0705,8,0,2026-09-05T03:09:57.719640+00:00,
2026-09-04,824424,672456,Keider Montero,DET,CLE,0,15.5,-121,-110,live,15.85,0.5241,0.5241,0.5111,0.0713,12,0,2026-09-04T20:51:40.441665+00:00,
2026-09-04,824424,671106,Logan Allen,CLE,DET,1,11.5,-120,-110,live,14.3,0.8332,0.8332,0.5101,0.0693,7,0,2026-09-04T20:00:52.380667+00:00,
2026-09-04,823093,669302,Logan Gilbert,SEA,ATH,1,18.5,+123,-164,live,17.26,0.2983,0.2983,0.4192,0.0696,14,0,2026-09-05T03:45:27.909925+00:00,
2026-09-04,823579,683363,Matt Wilkinson,SF,NYM,0,15.5,+141,-189,live,12.95,0.18,0.18,0.3882,0.0689,9,0,2026-09-05T00:26:21.457577+00:00,
2026-09-04,823256,608331,Max Fried,NYY,SD,0,12.5,-124,-107,live,15.55,0.8104,0.8104,0.5171,0.0705,17,1,2026-09-05T03:15:02.258867+00:00,
2026-09-04,824146,518876,Merrill Kelly,AZ,HOU,0,16.5,-101,-131,live,16.12,0.5005,0.5005,0.4698,0.0696,18,1,2026-09-05T02:19:31.877016+00:00,
2026-09-04,822852,607259,Nick Martinez,TB,TEX,0,17.5,-101,-131,live,16.31,0.4725,0.4725,0.4698,0.0696,19,1,2026-09-05T02:09:23.187134+00:00,
2026-09-04,823579,690997,Nolan McLean,NYM,SF,1,17.5,-167,+125,live,17.12,0.5588,0.5588,0.5846,0.0699,18,1,2026-09-05T00:58:21.739049+00:00,
2026-09-04,824797,624133,Ranger Suarez,BOS,BAL,0,15.5,-130,-102,live,15.56,0.4914,0.4914,0.5282,0.0702,21,1,2026-09-05T01:18:39.428356+00:00,
2026-09-04,824471,695076,Rhett Lowder,CIN,MIL,1,15.5,+123,-164,live,15.89,0.5365,0.5365,0.4192,0.0696,12,0,2026-09-05T00:32:59.011465+00:00,
2026-09-04,824311,663372,Ryan Feltner,COL,STL,1,15.5,-105,-127,live,15.9,0.539,0.539,0.4779,0.0717,15,0,2026-09-05T02:09:23.187134+00:00,
2026-09-04,823338,696270,Ryan Johnson,LAA,PIT,0,14.5,-113,-117,live,14.89,0.658,0.658,0.496,0.0697,18,1,2026-09-05T01:08:30.482057+00:00,
2026-09-04,824797,669358,Shane Baz,BAL,BOS,1,16.5,-127,-104,live,16.84,0.5907,0.5907,0.5232,0.0693,19,1,2026-09-05T00:48:12.938293+00:00,
2026-09-04,824471,675660,Shane Drohan,MIL,CIN,0,15.5,+109,-145,live,15.87,0.5253,0.5253,0.447,0.0703,12,0,2026-09-05T00:48:12.938293+00:00,
2026-09-04,823824,684007,Shota Imanaga,CHC,MIA,0,16.5,-115,-115,live,15.77,0.461,0.461,0.5,0.0698,18,1,2026-09-05T01:18:39.428356+00:00,
2026-09-04,823256,621111,Walker Buehler,SD,NYY,1,14.5,-156,+118,live,15.47,0.7137,0.7137,0.5705,0.0681,15,1,2026-09-05T03:04:53.230299+00:00,
2026-09-04,824554,805673,Zebby Matthews,MIN,CWS,0,17.5,-101,-131,live,16.73,0.5209,0.5209,0.4698,0.0696,15,0,2026-09-05T01:13:34.711999+00:00,
2026-09-05,824468,671096,Andrew Abbott,CIN,MIL,1,14.5,-174,+130,live,15.54,0.7143,0.7143,0.5936,0.0698,12,0,2026-09-06T02:09:57.294965+00:00,0.6783
2026-09-05,824553,641743,Anthony Kay,CWS,MIN,1,15.5,+121,-162,live,15.77,0.5274,0.5274,0.4226,0.0708,13,0,2026-09-06T00:28:27.434392+00:00,0.5224
2026-09-05,823577,683627,Anthony Molina,SF,NYM,0,14.5,-113,-117,live,14.27,0.5924,0.5924,0.496,0.0697,15,1,2026-09-05T21:40:59.438837+00:00,0.5873
2026-09-05,824145,694297,Brandon Pfaadt,AZ,HOU,0,17.5,-122,-109,live,16.79,0.5307,0.5307,0.5131,0.0711,19,1,2026-09-06T01:39:30.741681+00:00,0.5168
2026-09-05,823335,677952,Braxton Ashcraft,PIT,LAA,1,16.5,-135,+101,live,16.45,0.5456,0.5456,0.5359,0.072,15,0,2026-09-06T00:03:06.347150+00:00,0.5268
2026-09-05,823904,676917,Cade Cavalli,WSH,LAD,0,15.5,-115,-116,live,15.43,0.4914,0.4914,0.499,0.0719,18,1,2026-09-06T03:10:51.015500+00:00,0.444
2026-09-05,823257,607074,Carlos Rodon,NYY,SD,0,15.5,+120,-160,live,14.88,0.4097,0.4097,0.4248,0.0699,15,0,2026-09-06T01:19:13.969011+00:00,0.4176
2026-09-05,824795,605135,Chris Bassitt,BAL,BOS,1,16.5,+102,-135,live,15.9,0.4738,0.4738,0.4629,0.0695,17,1,2026-09-06T00:53:50.300531+00:00,0.491
2026-09-05,822850,656876,Drew Rasmussen,TB,TEX,0,17.5,-150,+113,live,16.34,0.4665,0.4665,0.561,0.0695,21,1,2026-09-06T01:09:05.570086+00:00,0.4699
2026-09-05,824468,669160,Dustin May,MIL,CIN,0,15.5,+119,-158,live,14.55,0.3677,0.3677,0.4271,0.069,11,0,2026-09-06T02:04:52.920479+00:00,0.4196
2026-09-05,824145,814490,Ethan Pecko,HOU,AZ,1,14.5,-122,-109,live,15.01,0.6679,0.6679,0.5131,0.0711,13,0,2026-09-06T00:38:36.727348+00:00,0.6581
2026-09-05,824389,664285,Framber Valdez,DET,CLE,0,17.5,-128,-104,live,16.57,0.4998,0.4998,0.5241,0.0712,21,1,2026-09-06T00:23:23.331265+00:00,0.5151
2026-09-05,823094,669923,George Kirby,SEA,ATH,1,18.5,+131,-175,live,16.86,0.2515,0.2515,0.4049,0.0693,20,1,2026-09-06T03:20:59.877530+00:00,0.2396
2026-09-05,822850,594798,Jacob deGrom,TEX,TB,1,16.5,-133,+100,live,15.53,0.4302,0.4302,0.5331,0.0708,18,1,2026-09-06T00:38:36.727348+00:00,0.4264
2026-09-05,823823,665871,Javier Assad,CHC,MIA,0,14.5,-132,+100,live,14.45,0.618,0.618,0.5323,0.069,14,0,2026-09-05T22:06:22.206206+00:00,0.5461
2026-09-05,823094,605488,Jeffrey Springs,ATH,SEA,0,15.5,-108,-123,live,14.92,0.404,0.404,0.4849,0.0708,21,1,2026-09-06T03:41:18.171301+00:00,0.4262
2026-09-05,823419,527048,Martin Perez,ATL,PHI,0,14.5,-180,+134,live,14.52,0.6214,0.6214,0.6007,0.0702,11,0,2026-09-05T23:22:30.472484+00:00,0.6266
2026-09-05,824310,690279,Mason Adams,COL,STL,1,13.5,-136,+103,live,14.33,0.6662,0.6662,0.5391,0.0689,14,1,2026-09-06T01:24:18.330815+00:00,0.6584
2026-09-05,824310,669461,Matthew Liberatore,STL,COL,0,16.5,-132,-101,live,15.85,0.4658,0.4658,0.531,0.0715,13,0,2026-09-06T01:39:30.741681+00:00,0.4812
2026-09-05,824066,453286,Max Scherzer,TOR,KC,0,15.5,+113,-151,live,15.06,0.4262,0.4262,0.4383,0.0711,17,1,2026-09-06T00:53:50.300531+00:00,0.4422
2026-09-05,824389,800048,Parker Messick,CLE,DET,1,18.5,+134,-179,live,17.53,0.3198,0.3198,0.3998,0.0689,18,0,2026-09-05T23:42:48.171897+00:00,0.3342
2026-09-05,823257,592662,Robbie Ray,SD,NYY,1,15.5,-123,-108,live,16.61,0.6168,0.6168,0.5151,0.0708,7,0,2026-09-06T00:13:14.816073+00:00,0.6224
2026-09-05,823823,687473,Ryan Gusto,MIA,CHC,1,14.5,-105,-126,live,13.72,0.5192,0.5192,0.4788,0.0697,14,0,2026-09-05T21:56:13.270252+00:00,0.498
2026-09-05,824066,607625,Seth Lugo,KC,TOR,1,17.5,-110,-121,live,16.65,0.5049,0.5049,0.4889,0.0713,15,0,2026-09-06T00:38:36.727348+00:00,0.5085
2026-09-05,824795,543243,Sonny Gray,BOS,BAL,0,17.5,-144,+108,live,16.24,0.4447,0.4447,0.5511,0.0709,21,1,2026-09-06T01:34:26.597661+00:00,0.4443
2026-09-05,824553,671737,Taj Bradley,MIN,CWS,0,17.5,-131,-102,live,16.62,0.5018,0.5018,0.529,0.0721,15,0,2026-09-06T00:58:55.989517+00:00,0.5121
2026-09-05,823904,607192,Tyler Glasnow,LAD,WSH,1,17.5,-166,+125,live,15.99,0.4294,0.4294,0.5841,0.0685,18,1,2026-09-06T03:00:42.189085+00:00,0.4322
2026-09-05,823335,579328,Yusei Kikuchi,LAA,PIT,0,15.5,-105,-126,live,14.6,0.3664,0.3664,0.4788,0.0697,18,1,2026-09-06T00:38:36.727348+00:00,0.3792
2026-09-05,823577,804267,Zac Thornton,NYM,SF,1,16.5,-131,-101,live,16.29,0.5221,0.5221,0.5302,0.0696,15,0,2026-09-05T21:35:54.866263+00:00,0.5419
2026-09-05,823419,554430,Zack Wheeler,PHI,ATL,1,17.5,-114,-117,live,17.55,0.61,0.61,0.497,0.0719,18,1,2026-09-05T23:52:56.941477+00:00,0.6208
2026-09-06,823417,605400,Aaron Nola,PHI,ATL,1,17.5,-101,-131,live,16.65,0.5031,0.5031,0.4698,0.0696,21,1,2026-09-06T19:19:53.949243+00:00,0.5134
2026-09-06,824469,663903,Brady Singer,CIN,MIL,1,15.5,-127,-105,live,16.31,0.5883,0.5883,0.5221,0.0717,15,0,2026-09-06T18:08:46.347579+00:00,0.5643
2026-09-06,823578,681035,Christian Scott,NYM,SF,1,15.5,+100,-132,live,15.68,0.509,0.509,0.4677,0.069,14,0,2026-09-06T18:54:27.470379+00:00,0.5194
2026-09-06,823822,605280,Clay Holmes,CHC,MIA,0,17.5,-113,-118,live,16.26,0.4631,0.4631,0.495,0.0718,13,0,2026-09-06T19:09:44.589246+00:00,0.481
2026-09-06,824142,593958,Eduardo Rodriguez,AZ,HOU,0,17.5,-151,+114,live,17.47,0.6108,0.6108,0.5628,0.0689,18,1,2026-09-06T20:10:39.338519+00:00,0.6104
2026-09-06,824385,668909,Gavin Williams,CLE,DET,1,17.5,-148,+111,live,16.79,0.5334,0.5334,0.5574,0.0707,18,1,2026-09-06T19:24:58.422679+00:00,0.5434
2026-09-06,822848,693855,Ian Seymour,TB,TEX,0,17.5,-103,-129,live,15.65,0.3772,0.3772,0.4739,0.0707,9,0,2026-09-06T20:10:39.338519+00:00,0.3667
2026-09-06,824385,695549,Jackson Jobe,DET,CLE,0,15.5,+102,-135,live,14.68,0.3753,0.3753,0.4629,0.0695,15,0,2026-09-06T19:19:53.949243+00:00,0.3908
2026-09-06,824794,680694,Kyle Bradish,BAL,BOS,1,16.5,-131,-101,live,16.71,0.5677,0.5677,0.5302,0.0696,12,0,2026-09-06T18:59:31.776533+00:00,0.566
2026-09-06,824469,690986,Kyle Harrison,MIL,CIN,0,15.5,+129,-172,live,15.28,0.4512,0.4512,0.4085,0.069,11,0,2026-09-06T17:33:15.117485+00:00,0.4758
2026-09-06,822848,669022,MacKenzie Gore,TEX,TB,1,17.5,-109,-122,live,16.52,0.4882,0.4882,0.4869,0.0711,9,0,2026-09-06T19:50:21.416637+00:00,0.4785
2026-09-06,823336,694973,Paul Skenes,PIT,LAA,1,16.5,-137,+103,live,15.95,0.4788,0.4788,0.5399,0.0707,16,0,2026-09-06T19:04:40.125205+00:00,0.5002
2026-09-06,824794,801139,Payton Tolle,BOS,BAL,0,17.5,-130,-102,live,16.52,0.4986,0.4986,0.5282,0.0702,18,1,2026-09-06T19:40:12.378455+00:00,0.5027
2026-09-06,824142,663567,Peter Lambert,HOU,AZ,1,15.5,-117,-113,live,16.9,0.639,0.639,0.504,0.0697,21,1,2026-09-06T20:25:53.238199+00:00,0.653
2026-09-06,824065,677976,Randy Dobnak,KC,TOR,1,15.5,-107,-124,live,16.39,0.5884,0.5884,0.4829,0.0705,18,1,2026-09-06T20:00:30.090904+00:00,0.5812
2026-09-06,824065,681293,Spencer Arrighetti,TOR,KC,0,14.5,-144,+108,live,14.59,0.6286,0.6286,0.5511,0.0709,14,0,2026-09-06T19:35:08.100400+00:00,0.6059
2026-09-06,824309,685299,Tanner Gordon,COL,STL,1,15.5,+118,-157,live,15.42,0.4635,0.4635,0.4289,0.0696,14,0,2026-09-06T20:36:02.409318+00:00,0.4155
2026-09-06,823417,641816,Tyler Mahle,ATL,PHI,0,15.5,-120,-110,live,15.79,0.5146,0.5146,0.5101,0.0693,18,1,2026-09-06T19:04:40.125205+00:00,0.5132
2026-09-06,823822,663969,Tyler Phillips,MIA,CHC,1,14.5,-115,-116,live,14.16,0.5736,0.5736,0.499,0.0719,15,1,2026-09-06T19:19:53.949243+00:00,0.5475
2026-09-06,823336,700712,Walbert Urena,LAA,PIT,0,15.5,-102,-130,live,15.37,0.4753,0.4753,0.4718,0.0702,24,1,2026-09-06T20:00:30.090904+00:00,0.4838
