date,game_pk,pitcher_name,pitcher_id,pitcher_team,opponent_team,is_home,venue,line,pick_side,pick_strength,pick_label,model_prob_over,model_prob_under,market_over_odds,market_under_odds,opened_over_odds,opened_under_odds,closing_over_odds,closing_under_odds,clv_pct,no_vig_fair_prob,edge_pct,units_risked,bet_placed,graded_result,actual_strikeouts,profit_loss_units,created_at,updated_at,lineup_source,odds_source,market,graded_source,notes
2026-08-04,823756,Logan Henderson,701656,MIL,PIT,Y,American Family Field,6.5,UNDER,STRONG,UNDER 6.5 (STRONG),0.2614,0.7386,-108,-118,-108,-118,,,,0.4896,0.2282,2.00,Y,LOSS,8,-2.0,2026-08-04T20:29:58.399180+00:00,2026-08-05T04:15:01.634228+00:00,projected,,,,
2026-08-04,823517,Hunter Dobbins,690928,STL,NYY,N,Yankee Stadium,4.5,OVER,STRONG,OVER 4.5 (STRONG),0.6321,0.3679,+129,-165,+129,-165,,,,0.4122,0.2199,2.00,Y,LOSS,4,-2.0,2026-08-04T20:29:58.399180+00:00,2026-08-05T04:15:02.262012+00:00,confirmed,,,,
2026-08-04,824484,J.T. Ginn,669372,ATH,CIN,N,Great American Ball Park,4.5,OVER,STRONG,OVER 4.5 (STRONG),0.7842,0.2158,-151,+118,-151,+118,,,,0.5674,0.2168,1.00,Y,WIN,5,0.6623,2026-08-04T20:29:58.399180+00:00,2026-08-05T04:15:02.867897+00:00,confirmed,,,,
2026-08-04,824484,J.T. Ginn,669372,ATH,CIN,N,Great American Ball Park,6+,OVER,STRONG,OVER 6+ (STRONG),0.6371,0.3629,139,,139,,,,,0.6371,0.2187,1.00,Y,LOSS,5,-1.0,2026-08-04T20:29:58.399180+00:00,2026-08-05T04:15:03.269169+00:00,confirmed,,,,ladder
2026-08-05,823106,Drew Anderson,623454,DET,SEA,N,T-Mobile Park,5+,OVER,STRONG,OVER 5+ (STRONG),0.6892,0.3108,+292,,+292,,+262,,0.0203,0.2453,0.2219,0.50,Y,LOSS,0,-0.5,2026-08-05T17:47:30.882327+00:00,2026-08-06T07:00:04.833768+00:00,projected,,,,ladder
2026-08-05,823106,Drew Anderson,623454,DET,SEA,N,T-Mobile Park,2.5,OVER,STRONG,OVER 2.5 (STRONG),0.9408,0.0592,-173,+136,-173,+136,-179,+140,0.0070,0.5993,0.1708,2.00,Y,LOSS,0,-2.0,2026-08-05T17:47:30.882327+00:00,2026-08-06T07:00:05.090654+00:00,projected,,,,
2026-08-05,824806,Reid Detmers,672282,LAA,BAL,N,Oriole Park at Camden Yards,7.5,UNDER,LEAN,UNDER 7.5 (LEAN),0.2432,0.7568,+119,-151,+119,-151,+123,-157,0.0082,0.4315,0.0941,2.00,Y,WIN,5,1.3245,2026-08-05T17:47:30.882327+00:00,2026-08-06T02:11:51.645903+00:00,projected,,,,
2026-08-05,824728,Sean Burke,680732,CWS,BOS,N,Fenway Park,6.5,OVER,LEAN,OVER 6.5 (LEAN),0.6216,0.3784,+107,-137,+107,-137,+116,-148,-0.0184,0.4553,0.0832,1.00,Y,LOSS,4,-1.0,2026-08-05T17:47:30.882327+00:00,2026-08-06T02:11:52.069143+00:00,projected,,,,
2026-08-05,823106,Drew Anderson,623454,DET,SEA,N,T-Mobile Park,4+,OVER,STRONG,OVER 4+ (STRONG),0.8147,0.1853,+134,,+134,,+125,,0.0164,0.4109,0.2019,1.00,Y,LOSS,0,-1.0,2026-08-05T22:13:01.498357+00:00,2026-08-06T07:00:05.342150+00:00,projected,,,,ladder
2026-08-07,824727,Payton Tolle,801139,BOS,ATH,Y,Fenway Park,6.5,UNDER,LEAN,UNDER 6.5 (LEAN),0.3912,0.6088,-140,+110,-140,+110,-145,+113,-0.0071,0.5506,0.0797,2.00,Y,LOSS,14,-2.0,2026-08-07T20:46:18.338523+00:00,2026-08-08T07:01:05.209846+00:00,confirmed,live,,game_final,
2026-08-10,823018,Hunter Dobbins,690928,STL,PHI,Y,Busch Stadium,3.5,OVER,LEAN,OVER 3.5 (LEAN),0.7366,0.2634,+123,-158,+123,-158,-108,-118,0.0669,0.4227,0.1569,2.00,Y,WIN,6,2.46,2026-08-10T13:01:40.183265+00:00,2026-08-11T01:17:26.618969+00:00,projected,live,,starter_relieved,
2026-08-14,822942,Chris Bassitt,605135,BAL,TB,N,Tropicana Field,3.5,UNDER,LEAN,UNDER 3.5 (LEAN),0.2302,0.7698,+123,-158,+123,-158,+128,-163,0.0083,0.4227,0.0962,2.00,Y,WIN,3,1.2658,2026-08-14T20:46:07.285290+00:00,2026-08-15T01:05:52.191601+00:00,confirmed,live,,starter_relieved,
2026-08-18,824154,Cristian Javier,664299,HOU,LAA,Y,Daikin Park,4.5,UNDER,LEAN,UNDER 4.5 (LEAN),0.3306,0.6694,-120,-106,-120,-106,-111,-115,0.0187,0.5146,0.0920,2.00,Y,LOSS,5,-2.0,2026-08-18T21:28:50.474207+00:00,2026-08-19T01:33:16.006433+00:00,confirmed,live,,starter_relieved,
2026-08-19,822937,Max Scherzer,453286,TOR,TB,N,Tropicana Field,3.5,UNDER,LEAN,UNDER 3.5 (LEAN),0.3179,0.6821,-110,-116,-110,-116,-114,-112,-0.0083,0.4938,0.0879,2.00,Y,WIN,1,1.7241,2026-08-19T20:46:25.798327+00:00,2026-08-20T00:08:36.367656+00:00,confirmed,live,,starter_relieved,
2026-08-22,824151,Jacob Lopez,682052,ATH,HOU,N,Daikin Park,4.5,UNDER,LEAN,UNDER 4.5 (LEAN),0.3655,0.6345,-134,+105,-134,+105,-134,+105,0.0000,0.5400,0.0873,2.00,Y,LOSS,9,-2.0,2026-08-22T20:52:09.355090+00:00,2026-08-23T07:01:31.641822+00:00,confirmed,live,,game_final,
2026-08-23,823909,Blake Snell,605483,LAD,PIT,Y,UNIQLO Field at Dodger Stadium,8.5,UNDER,LEAN,UNDER 8.5 (LEAN),0.1801,0.8199,-113,-113,-113,-113,+103,-131,0.0351,0.5000,0.1600,2.00,Y,WIN,6,1.7699,2026-08-23T13:01:28.405191+00:00,2026-08-24T07:01:19.038376+00:00,projected,live,,game_final,
2026-08-25,822773,Max Scherzer,453286,TOR,KC,Y,Rogers Centre,3.5,UNDER,LEAN,UNDER 3.5 (LEAN),0.3827,0.6173,-159,+124,-159,+124,-155,+121,0.0057,0.5790,0.0982,2.00,Y,LOSS,4,-2.0,2026-08-25T20:46:58.380255+00:00,2026-08-26T00:43:17.332306+00:00,confirmed,live,K,starter_relieved,
2026-08-27,823581,Sean Manaea,640455,NYM,MIL,Y,Citi Field,4.5,UNDER,LEAN,UNDER 4.5 (LEAN),0.3807,0.6193,-156,+122,-156,+122,-133,+104,0.0370,0.5750,0.0971,2.00,Y,WIN,3,2.44,2026-08-27T20:46:33.234190+00:00,2026-08-28T00:51:15.463580+00:00,confirmed,live,K,starter_relieved,
2026-08-29,824230,Blake Snell,605483,LAD,DET,N,Comerica Park,6.5,UNDER,LEAN,UNDER 6.5 (LEAN),0.3565,0.6435,-126,-101,-126,-101,-126,-101,0.0000,0.5260,0.0847,2.00,Y,LOSS,10,-2.0,2026-08-29T16:52:07.489611+00:00,2026-08-29T18:52:32.627392+00:00,confirmed,live,K,starter_relieved,
2026-08-30,822766,Max Scherzer,453286,TOR,SEA,Y,Rogers Centre,4.5,UNDER,LEAN,UNDER 4.5 (LEAN),0.2546,0.7454,+105,-134,+105,-134,+105,-134,0.0000,0.4600,0.1027,2.00,Y,LOSS,10,-2.0,2026-08-30T16:22:07.376871+00:00,2026-08-30T19:36:24.433672+00:00,confirmed,live,K,starter_relieved,
2026-09-02,822851,Cody Bradford,674003,TEX,ATH,Y,Globe Life Field,4.5,UNDER,LEAN,UNDER 4.5 (LEAN),0.2943,0.7057,-154,+120,-154,+120,+111,-142,0.1247,0.5715,0.1386,2.00,Y,WIN,3,2.4,2026-09-02T13:01:44.835716+00:00,2026-09-02T20:04:35.904545+00:00,projected,live,K,starter_relieved,
2026-09-02,824147,Davis Martin,663436,CWS,HOU,N,Daikin Park,3.5,OVER,LEAN,OVER 3.5 (LEAN),0.6701,0.3299,+101,-128,+101,-128,-101,-126,0.0042,0.4698,0.1001,2.00,Y,LOSS,3,-2.0,2026-09-02T21:39:46.113174+00:00,2026-09-03T01:36:33.208985+00:00,confirmed,live,K,starter_relieved,
2026-09-04,824067,Jameson Taillon,592791,TOR,KC,N,Kauffman Stadium,4+,OVER,LEAN,OVER 4+ (LEAN),0.6303,0.3697,+203,,+203,,+192,,0.0120,0.3173,0.1565,1.00,Y,LOSS,1,-1.0,2026-09-04T13:02:07.769513+00:00,2026-09-05T00:51:17.710793+00:00,projected,live,K,starter_relieved,ladder
2026-09-04,824067,Jameson Taillon,592791,TOR,KC,N,Kauffman Stadium,2.5,OVER,LEAN,OVER 2.5 (LEAN),0.8084,0.1916,-126,-101,-126,-101,-136,+106,0.0168,0.5260,0.1412,1.50,Y,LOSS,1,-1.5,2026-09-04T13:02:07.769513+00:00,2026-09-05T00:51:17.761918+00:00,projected,live,K,starter_relieved,
2026-09-04,823905,Blake Snell,605483,LAD,WSH,Y,UNIQLO Field at Dodger Stadium,7.5,UNDER,LEAN,UNDER 7.5 (LEAN),0.2760,0.7240,-142,+111,-142,+111,-148,+116,-0.0099,0.5532,0.1386,2.00,Y,WIN,7,2.22,2026-09-04T14:53:25.990788+00:00,2026-09-05T03:58:19.083313+00:00,projected,live,K,starter_relieved,
2026-09-04,824067,Jameson Taillon,592791,TOR,KC,N,Kauffman Stadium,5+,OVER,MEDIUM,OVER 5+ (MEDIUM),0.4400,0.5600,+473,,+473,,+458,,0.0045,0.1678,0.1361,0.25,Y,LOSS,1,-0.25,2026-09-04T20:46:17.858757+00:00,2026-09-05T00:51:17.885784+00:00,confirmed,live,K,starter_relieved,ladder
2026-09-04,824311,Andre Pallante,669467,STL,COL,N,Coors Field,4+,OVER,LEAN,OVER 4+ (LEAN),0.6311,0.3689,+151,,+151,,+137,,0.0226,0.3831,0.1240,1.00,Y,LOSS,1,-1.0,2026-09-04T20:46:17.858757+00:00,2026-09-05T02:15:33.650441+00:00,confirmed,live,K,starter_relieved,ladder
2026-09-04,824311,Andre Pallante,669467,STL,COL,N,Coors Field,5+,OVER,LEAN,OVER 5+ (LEAN),0.4365,0.5635,+348,,+348,,+329,,0.0095,0.2146,0.1109,0.25,Y,LOSS,1,-0.25,2026-09-04T20:46:17.858757+00:00,2026-09-05T02:15:33.703723+00:00,confirmed,live,K,starter_relieved,ladder
2026-09-04,824311,Andre Pallante,669467,STL,COL,N,Coors Field,2.5,OVER,MEDIUM,OVER 2.5 (MEDIUM),0.8099,0.1901,-167,+131,-167,+131,-173,+135,0.0073,0.5910,0.1095,1.50,Y,LOSS,1,-1.5,2026-09-04T20:46:17.858757+00:00,2026-09-05T02:15:33.747510+00:00,confirmed,live,K,starter_relieved,
2026-09-04,824146,Merrill Kelly,518876,AZ,HOU,N,Daikin Park,4.5,UNDER,LEAN,UNDER 4.5 (LEAN),0.2959,0.7041,+101,-129,+101,-129,+115,-147,0.0303,0.4690,0.0865,2.00,Y,WIN,4,1.5504,2026-09-04T20:58:03.726938+00:00,2026-09-05T02:15:01.415877+00:00,confirmed,live,K,starter_relieved,
